{
  "model_config": {
    "agent": "SRC",
    "dataset": "assist09_kcs",
    "path": 0,
    "concept_num": 138
  },
  "test_config": {
    "batch_size": 128,
    "test_iterations": 200,
    "total_samples": 25600,
    "steps": 20,
    "num_targets": 3,
    "num_initial_logs": 10
  },
  "statistics": {
    "mean_reward": 0.07932576537132263,
    "median_reward": 0.07881557941436768,
    "std_reward": 0.008247573859989643,
    "min_reward": 0.05950446426868439,
    "max_reward": 0.10322102904319763
  },
  "all_rewards": [
    0.06315062940120697,
    0.08575445413589478,
    0.08369053900241852,
    0.07966684550046921,
    0.08220981061458588,
    0.06406490504741669,
    0.0788559764623642,
    0.0879000797867775,
    0.08324778079986572,
    0.07537125796079636,
    0.0738631933927536,
    0.07459935545921326,
    0.06666240096092224,
    0.07944706082344055,
    0.069176085293293,
    0.07129000872373581,
    0.0803302600979805,
    0.08578132092952728,
    0.09242016077041626,
    0.0740920677781105,
    0.08363812416791916,
    0.07315436750650406,
    0.09385646879673004,
    0.08750808238983154,
    0.09085234999656677,
    0.06592530012130737,
    0.0806678980588913,
    0.0765993669629097,
    0.08753002434968948,
    0.07271144539117813,
    0.08822191506624222,
    0.06845004856586456,
    0.07776188105344772,
    0.07525762170553207,
    0.06938481330871582,
    0.07139814645051956,
    0.08436007797718048,
    0.07637771219015121,
    0.09386784583330154,
    0.08256743848323822,
    0.08285108208656311,
    0.07858611643314362,
    0.07484997808933258,
    0.08765175938606262,
    0.0802113264799118,
    0.07748417556285858,
    0.09026394784450531,
    0.07846452295780182,
    0.07539419829845428,
    0.07835303246974945,
    0.07391136884689331,
    0.08662836253643036,
    0.0668078064918518,
    0.07216863334178925,
    0.08406029641628265,
    0.07564851641654968,
    0.08211896568536758,
    0.08052641898393631,
    0.063487708568573,
    0.07414086163043976,
    0.08709754049777985,
    0.08648533374071121,
    0.08238008618354797,
    0.06788328289985657,
    0.06875430047512054,
    0.07614386081695557,
    0.07154154032468796,
    0.07036478072404861,
    0.0797794982790947,
    0.08366820216178894,
    0.073984295129776,
    0.07539825141429901,
    0.0697111114859581,
    0.06552521139383316,
    0.07845969498157501,
    0.08215640485286713,
    0.07877517491579056,
    0.07833249866962433,
    0.06704017519950867,
    0.07327684760093689,
    0.09199271351099014,
    0.09223107248544693,
    0.06833641231060028,
    0.0844472199678421,
    0.07828636467456818,
    0.0886746346950531,
    0.0706101506948471,
    0.07654981315135956,
    0.0875084400177002,
    0.09243887662887573,
    0.07104061543941498,
    0.09381512552499771,
    0.09183193743228912,
    0.08286920934915543,
    0.08314138650894165,
    0.08253064751625061,
    0.07830163836479187,
    0.08486728370189667,
    0.08577969670295715,
    0.07161974906921387,
    0.07231494039297104,
    0.0901779904961586,
    0.10322102904319763,
    0.0695333331823349,
    0.07133296132087708,
    0.07909879833459854,
    0.08224442601203918,
    0.07794871926307678,
    0.06866864860057831,
    0.08145490288734436,
    0.06249198690056801,
    0.08554582297801971,
    0.0851898342370987,
    0.07847469300031662,
    0.08235616981983185,
    0.07435468584299088,
    0.07025975733995438,
    0.080376997590065,
    0.09600302577018738,
    0.07759656012058258,
    0.09001157432794571,
    0.08126014471054077,
    0.07457669079303741,
    0.0805433839559555,
    0.07782620191574097,
    0.08860555291175842,
    0.07792578637599945,
    0.08621776849031448,
    0.08669169992208481,
    0.08238398283720016,
    0.08473269641399384,
    0.0889783576130867,
    0.06808196753263474,
    0.07580922544002533,
    0.08662441372871399,
    0.084429532289505,
    0.07071900367736816,
    0.08669349551200867,
    0.0755515843629837,
    0.08454056084156036,
    0.08027190715074539,
    0.08174987882375717,
    0.07566072046756744,
    0.07334586977958679,
    0.06967425346374512,
    0.07388891279697418,
    0.07501630485057831,
    0.08092164993286133,
    0.07192105799913406,
    0.07632764428853989,
    0.06912216544151306,
    0.09049612283706665,
    0.08268529176712036,
    0.0709851086139679,
    0.08900748938322067,
    0.06859786808490753,
    0.07539728283882141,
    0.0732637494802475,
    0.08311659842729568,
    0.08020958304405212,
    0.05950446426868439,
    0.08839616179466248,
    0.08875875174999237,
    0.06930238008499146,
    0.06412629783153534,
    0.08991484344005585,
    0.08884993195533752,
    0.07588070631027222,
    0.09766843914985657,
    0.09113264083862305,
    0.07798372209072113,
    0.06259597837924957,
    0.0902986079454422,
    0.08592573553323746,
    0.07183189690113068,
    0.07223016023635864,
    0.08821417391300201,
    0.08900052309036255,
    0.07581974565982819,
    0.07874305546283722,
    0.08921405673027039,
    0.06773346662521362,
    0.0920662209391594,
    0.08914265781641006,
    0.07671945542097092,
    0.08647064864635468,
    0.07301020622253418,
    0.08042030036449432,
    0.08362004160881042,
    0.06637446582317352,
    0.07233966886997223,
    0.07756084203720093,
    0.07788533717393875,
    0.08237019926309586,
    0.08436936885118484,
    0.08373825252056122,
    0.09954853355884552,
    0.07210898399353027,
    0.06344382464885712,
    0.0894237607717514
  ]
}